Name,Phone__c,Current_Latitude__c,Current_Longitude__c,Status__c,Capacity__c
Ravi Kumar,+91-9876543210,17.385044,78.486671,Available,20
Sita Sharma,+91-9123456780,17.427200,78.450000,Available,15
Amit Patel,+91-9988776655,17.401000,78.495000,OnTrip,12
Priya Rao,+91-9000001111,17.360000,78.520000,Available,18
Karthik Reddy,+91-9444001122,17.403000,78.486000,Available,25